<?xml version="1.0" encoding="UTF-8"?>
<project-private xmlns="http://www.netbeans.org/ns/project-private/1">
    <editor-bookmarks xmlns="http://www.netbeans.org/ns/editor-bookmarks/2" lastBookmarkId="0"/>
    <open-files xmlns="http://www.netbeans.org/ns/projectui-open-files/2">
        <group>
            <file>file:/C:/wamp64/www/Library/app/models/book.class.php</file>
            <file>file:/C:/wamp64/www/Library/app/views/admin/creditreport.php</file>
            <file>file:/C:/wamp64/www/Library/app/views/admin/addreader.php</file>
            <file>file:/C:/wamp64/www/Library/app/models/reader.class.php</file>
            <file>file:/C:/wamp64/www/Library/app/views/admin/header.php</file>
            <file>file:/C:/wamp64/www/Library/app/controllers/adminController.php</file>
            <file>file:/C:/wamp64/www/Library/app/views/admin/addbook.php</file>
            <file>file:/C:/wamp64/www/Library/app/views/admin/searchbook.php</file>
        </group>
    </open-files>
</project-private>
